{"reward_before_update": -47.491844177246094, "reward_after_update": -34.34104537963867, "value_loss": 581.6270751953125, "_timestamp": 1684051984.4748719, "_runtime": 24862.80203294754, "_step": 593, "_wandb": {"runtime": 24886}}