{"reward_before_update": -41.209617614746094, "reward_after_update": 210.2919464111328, "value_loss": 555.224853515625, "_timestamp": 1684285391.9073992, "_runtime": 50931.28206014633, "_step": 1267, "_wandb": {"runtime": 50947}}