{"reward_before_update": -45.229156494140625, "reward_after_update": 108.67276763916016, "value_loss": 269.2283630371094, "_timestamp": 1684489058.4013684, "_runtime": 57522.02240347862, "_step": 1412, "_wandb": {"runtime": 57543}}