{"reward_before_update": -49.90312576293945, "reward_after_update": 112.30805969238281, "value_loss": 213.3267364501953, "_timestamp": 1684536799.4186456, "_runtime": 38446.41847252846, "_step": 900, "_wandb": {"runtime": 38463}}