{"reward_before_update": -51.9473991394043, "reward_after_update": 228.7881317138672, "value_loss": 1340.644287109375, "_timestamp": 1684691839.4418976, "_runtime": 31389.655542612076, "_step": 775, "_wandb": {"runtime": 31427}}