{"reward_before_update": -50.20319366455078, "reward_after_update": 20.650318145751953, "value_loss": 237.0830078125, "_timestamp": 1684613565.8220797, "_runtime": 37500.18805670738, "_step": 965, "_wandb": {"runtime": 37516}}