{"reward_before_update": -46.79750442504883, "reward_after_update": -13.669608116149902, "value_loss": 808.8729248046875, "_timestamp": 1684019219.9353774, "_runtime": 30224.069033384323, "_step": 720, "_wandb": {"runtime": 30257}}