{"reward_before_update": -48.37429428100586, "reward_after_update": 220.2019500732422, "value_loss": 696.1203002929688, "_timestamp": 1684431446.1117086, "_runtime": 25434.27121257782, "_step": 632, "_wandb": {"runtime": 25466}}