{"reward_before_update": -50.83873748779297, "reward_after_update": -47.09257125854492, "value_loss": 413.3628845214844, "_timestamp": 1684738418.6732523, "_runtime": 29311.664227247238, "_step": 652, "_wandb": {"runtime": 29327}}