{"reward_before_update": -48.65974807739258, "reward_after_update": 130.98672485351562, "value_loss": 227.5012969970703, "_timestamp": 1684229568.8574135, "_runtime": 60040.47668457031, "_step": 1499, "_wandb": {"runtime": 60039}}