{"reward_before_update": -42.61783981323242, "reward_after_update": -33.18085861206055, "value_loss": 268.6802062988281, "_timestamp": 1684156799.2694366, "_runtime": 51.18015265464783, "_step": 0, "_wandb": {"runtime": 50}}