{"reward_before_update": -67.9464340209961, "reward_after_update": 157.82640075683594, "value_loss": 2870.923583984375, "_timestamp": 1683953697.3828819, "_runtime": 39537.669739961624, "_step": 999, "_wandb": {"runtime": 39537}}