{"reward_before_update": -44.733375549316406, "reward_after_update": -40.382537841796875, "value_loss": 292.91107177734375, "_timestamp": 1684708506.1021924, "_runtime": 10911.87648844719, "_step": 250, "_wandb": {"runtime": 10951}}