{"reward_before_update": -52.9210205078125, "reward_after_update": -5.191856861114502, "value_loss": 454.9661560058594, "_timestamp": 1684084759.20238, "_runtime": 32108.928056001663, "_step": 811, "_wandb": {"runtime": 32149}}