{"reward_before_update": -49.36472702026367, "reward_after_update": 57.39815139770508, "value_loss": 265.135986328125, "_timestamp": 1684156714.094721, "_runtime": 8547.085787057877, "_step": 216, "_wandb": {"runtime": 8551}}