{"reward_before_update": -42.825069427490234, "reward_after_update": -32.106605529785156, "value_loss": 355.3414306640625, "_timestamp": 1683913724.9625535, "_runtime": 92.93143844604492, "_step": 1, "_wandb": {"runtime": 101}}