{"reward_before_update": -53.0411491394043, "reward_after_update": 136.99786376953125, "value_loss": 98.49574279785156, "_timestamp": 1684389429.067851, "_runtime": 58595.544159173965, "_step": 1499, "_wandb": {"runtime": 58594}}