{"reward_before_update": -39.84796142578125, "reward_after_update": -30.229293823242188, "value_loss": 404.92559814453125, "_timestamp": 1684234340.5183358, "_runtime": 3423.69829082489, "_step": 86, "_wandb": {"runtime": 3437}}