{"reward_before_update": -45.504249572753906, "reward_after_update": -37.34702682495117, "value_loss": 429.79986572265625, "_timestamp": 1684169477.1321473, "_runtime": 12279.792060375214, "_step": 312, "_wandb": {"runtime": 12307}}