{"reward_before_update": -45.601192474365234, "reward_after_update": 24.34933090209961, "value_loss": 146.22305297851562, "_timestamp": 1684656407.8445623, "_runtime": 28252.958028316498, "_step": 711, "_wandb": {"runtime": 28289}}