{"reward_before_update": -40.122222900390625, "reward_after_update": -40.353084564208984, "value_loss": 262.357666015625, "_timestamp": 1684147808.8026595, "_runtime": 10796.831246614456, "_step": 272, "_wandb": {"runtime": 10823}}